"ticknumb","music","day1","day2","day3","change"
2111,"Metaller",2.65,1.35,1.61,-1.04
2229,"Crusty",0.97,1.41,0.29,-0.68
2338,"No Musical Affiliation",0.84,NA,NA,NA
2384,"Crusty",3.03,NA,NA,NA
2401,"No Musical Affiliation",0.88,0.08,NA,NA
2405,"Crusty",0.85,NA,NA,NA
2467,"Indie Kid",1.56,NA,NA,NA
2478,"Indie Kid",3.02,NA,NA,NA
2490,"Crusty",2.29,NA,NA,NA
2504,"No Musical Affiliation",1.11,0.44,0.55,-0.56
2509,"No Musical Affiliation",2.17,NA,NA,NA
2510,"Crusty",0.82,0.2,0.47,-0.35
2514,"Metaller",1.41,NA,NA,NA
2515,"No Musical Affiliation",1.76,1.64,1.58,-0.18
2520,"No Musical Affiliation",1.38,0.02,NA,NA
2521,"Crusty",2.79,NA,NA,NA
2529,"Crusty",1.5,NA,NA,NA
2533,"Metaller",1.91,2.05,NA,NA
2535,"Metaller",2.32,NA,NA,NA
2538,"No Musical Affiliation",2.05,NA,NA,NA
2549,"Crusty",2.17,0.7,0.76,-1.41
2551,"No Musical Affiliation",2.05,NA,NA,NA
2558,"No Musical Affiliation",1.61,NA,NA,NA
2562,"No Musical Affiliation",1.66,0.85,NA,NA
2565,"Indie Kid",2.3,NA,NA,NA
2566,"No Musical Affiliation",2.76,NA,NA,NA
2568,"Crusty",1.44,NA,NA,NA
2586,"Metaller",1.06,NA,NA,NA
2601,"Crusty",3.23,NA,NA,NA
2602,"Indie Kid",0.97,0.38,0.76,-0.21
2604,"Crusty",2.57,0.11,0.02,-2.55
2606,"Crusty",0.26,NA,NA,NA
2609,"Crusty",0.47,NA,NA,NA
2611,"No Musical Affiliation",1.73,NA,NA,NA
2612,"No Musical Affiliation",1.94,0.82,1.67,-0.27
2616,"Crusty",1.91,NA,NA,NA
2624,"No Musical Affiliation",2.08,0.91,0.96,-1.12
2633,"Crusty",1.91,NA,NA,NA
2642,"No Musical Affiliation",1.42,NA,NA,NA
2644,"No Musical Affiliation",1.5,NA,NA,NA
2662,"Metaller",0.11,NA,NA,NA
2663,"Crusty",1.67,NA,NA,NA
2664,"No Musical Affiliation",2.08,NA,NA,NA
2669,"No Musical Affiliation",2.05,NA,NA,NA
2670,"Metaller",2,NA,NA,NA
2675,"No Musical Affiliation",1.52,NA,NA,NA
2676,"Metaller",1.58,NA,NA,NA
2677,"Indie Kid",1.28,0.38,0.14,-1.14
2681,"No Musical Affiliation",1.88,NA,NA,NA
2685,"No Musical Affiliation",1.32,NA,NA,NA
2686,"No Musical Affiliation",2.09,NA,NA,NA
2687,"Metaller",2,NA,NA,NA
2688,"Indie Kid",2.64,NA,NA,NA
2689,"No Musical Affiliation",0.85,0.32,0.52,-0.33
2692,"Indie Kid",2.47,0.23,0.38,-2.09
2698,"Crusty",1.79,NA,NA,NA
2709,"Indie Kid",1.64,NA,NA,NA
2710,"No Musical Affiliation",1.32,NA,NA,NA
2712,"Metaller",2.97,NA,NA,NA
2726,"Metaller",1.44,0.14,NA,NA
2727,"No Musical Affiliation",2.02,NA,NA,NA
2728,"Metaller",1.79,NA,NA,NA
2730,"No Musical Affiliation",1.34,NA,NA,NA
2731,"Crusty",2.29,1.9,NA,NA
2732,"No Musical Affiliation",1.66,NA,NA,NA
2734,"No Musical Affiliation",0.6,NA,NA,NA
2735,"No Musical Affiliation",1.76,0.76,0.29,-1.47
2736,"No Musical Affiliation",1.5,NA,NA,NA
2737,"No Musical Affiliation",2.08,0.7,NA,NA
2748,"No Musical Affiliation",1,0.55,NA,NA
2752,"Metaller",1.73,NA,NA,NA
2756,"No Musical Affiliation",1.05,0.38,NA,NA
2758,"Indie Kid",2.81,NA,NA,NA
2759,"No Musical Affiliation",1.52,NA,NA,NA
2768,"No Musical Affiliation",1.47,NA,NA,NA
2769,"No Musical Affiliation",2.64,NA,NA,NA
2770,"Metaller",2.2,1.18,NA,NA
2771,"No Musical Affiliation",0.55,0.79,NA,NA
2772,"Crusty",2.29,NA,NA,NA
2773,"Indie Kid",2,NA,NA,NA
2775,"No Musical Affiliation",2.23,NA,NA,NA
2779,"No Musical Affiliation",2.45,NA,NA,NA
2780,"Crusty",1.2,NA,NA,NA
2783,"Crusty",2.91,2.08,2.11,-0.8
2784,"Metaller",1.14,1,NA,NA
2788,"No Musical Affiliation",1.88,NA,NA,NA
2789,"Crusty",0.94,NA,NA,NA
2791,"Crusty",1.85,NA,NA,NA
2794,"Crusty",2.58,NA,NA,NA
2796,"Metaller",0.61,NA,NA,NA
2799,"No Musical Affiliation",0.7,NA,NA,NA
2806,"Metaller",1.38,NA,NA,NA
2807,"No Musical Affiliation",1.94,NA,NA,NA
2811,"Metaller",2.29,NA,NA,NA
2812,"Indie Kid",1.59,NA,NA,NA
2813,"Indie Kid",2.46,NA,NA,NA
2814,"No Musical Affiliation",1.67,0.14,NA,NA
2825,"Crusty",2.02,0.58,0.5,-1.52
2827,"Metaller",1.5,NA,NA,NA
2828,"Crusty",2.7,1.7,1.91,-0.79
2829,"Crusty",1.61,NA,NA,NA
2830,"Metaller",2.29,NA,NA,NA
2831,"No Musical Affiliation",0.97,1.06,0.76,-0.21
2839,"No Musical Affiliation",1.85,NA,NA,NA
2842,"Metaller",2.76,NA,NA,NA
2857,"Metaller",1.64,NA,NA,NA
2858,"No Musical Affiliation",1.17,NA,NA,NA
2859,"No Musical Affiliation",1.57,NA,NA,NA
2862,"Crusty",2.23,NA,NA,NA
2863,"No Musical Affiliation",2.05,1.58,2.15,0.1
2875,"Metaller",2.05,NA,NA,NA
2876,"Metaller",2.94,NA,NA,NA
2883,"Indie Kid",2.39,NA,NA,NA
2890,"No Musical Affiliation",1.94,NA,NA,NA
2894,"Crusty",2.12,NA,NA,NA
2895,"No Musical Affiliation",1.11,NA,NA,NA
2897,"No Musical Affiliation",0.97,NA,NA,NA
2898,"Indie Kid",1.35,NA,NA,NA
2899,"No Musical Affiliation",2.81,2.08,NA,NA
2900,"Crusty",2.5,NA,NA,NA
2901,"Crusty",1.87,NA,NA,NA
2920,"No Musical Affiliation",1.33,NA,NA,NA
2921,"Indie Kid",1.26,NA,NA,NA
2922,"No Musical Affiliation",1.44,NA,NA,NA
2923,"No Musical Affiliation",0.55,NA,NA,NA
2924,"No Musical Affiliation",1.75,NA,NA,NA
2925,"Metaller",2.08,NA,NA,NA
2932,"Metaller",0.85,NA,NA,NA
2933,"No Musical Affiliation",2.52,NA,NA,NA
2935,"Crusty",3,NA,NA,NA
2936,"No Musical Affiliation",1.41,NA,NA,NA
2937,"No Musical Affiliation",1.08,NA,NA,NA
2938,"No Musical Affiliation",1.2,1.38,1.5,0.3
2940,"Crusty",1.94,1.44,NA,NA
2941,"No Musical Affiliation",2.26,1.73,1.73,-0.53
2942,"Indie Kid",1.41,NA,NA,NA
2948,"Indie Kid",2.5,NA,NA,NA
2952,"Metaller",2.17,NA,NA,NA
2953,"No Musical Affiliation",1.82,1.11,NA,NA
2954,"Crusty",1.44,1.14,NA,NA
2956,"Crusty",1.66,NA,NA,NA
2957,"Metaller",1.82,NA,NA,NA
2958,"Metaller",1.26,NA,NA,NA
2959,"Crusty",2.67,NA,NA,NA
2961,"No Musical Affiliation",1.47,NA,NA,NA
2962,"Metaller",1.84,NA,NA,NA
2964,"Metaller",2.58,NA,NA,NA
2966,"Indie Kid",1.73,NA,NA,NA
2967,"Metaller",1.23,NA,NA,NA
2968,"No Musical Affiliation",2.32,NA,NA,NA
2972,"Metaller",2.67,NA,NA,NA
2974,"Metaller",1.02,NA,NA,NA
2975,"No Musical Affiliation",1.66,2.12,2.7,1.04
2976,"Metaller",1.88,NA,NA,NA
2977,"No Musical Affiliation",1.91,NA,NA,NA
2978,"Indie Kid",1.64,NA,NA,NA
2979,"No Musical Affiliation",1.34,NA,NA,NA
2982,"No Musical Affiliation",1.85,NA,NA,NA
2983,"Indie Kid",2.08,NA,NA,NA
2984,"No Musical Affiliation",1.02,NA,NA,NA
2985,"Metaller",1.79,NA,NA,NA
2988,"Crusty",1.94,NA,NA,NA
2989,"Indie Kid",3.26,1.97,1.67,-1.59
2990,"No Musical Affiliation",1.14,0.58,0.11,-1.03
3008,"No Musical Affiliation",1.5,0.7,0.38,-1.12
3009,"Indie Kid",2.03,NA,NA,NA
3010,"Crusty",2.24,NA,NA,NA
3013,"No Musical Affiliation",1.11,NA,NA,NA
3014,"Crusty",2.21,NA,NA,NA
3016,"Metaller",1.94,NA,NA,NA
3017,"Metaller",2.41,NA,NA,NA
3018,"No Musical Affiliation",0.88,NA,NA,NA
3019,"Crusty",1.17,1.35,NA,NA
3027,"Metaller",2.23,NA,NA,NA
3028,"Crusty",1.64,NA,NA,NA
3029,"Crusty",2.14,NA,NA,NA
3030,"No Musical Affiliation",0.11,0.29,NA,NA
3031,"Indie Kid",2.17,NA,NA,NA
3032,"Crusty",1.67,NA,NA,NA
3033,"Crusty",1,NA,NA,NA
3034,"No Musical Affiliation",0.88,NA,NA,NA
3035,"No Musical Affiliation",2.2,NA,NA,NA
3048,"Metaller",2.17,NA,NA,NA
3049,"Crusty",2.32,NA,NA,NA
3051,"Crusty",1.64,NA,NA,NA
3052,"Crusty",3,NA,NA,NA
3053,"Crusty",2.38,0.85,NA,NA
3054,"Indie Kid",1.6,1.02,NA,NA
3055,"Metaller",1.58,NA,NA,NA
3056,"Indie Kid",2.61,NA,NA,NA
3057,"No Musical Affiliation",1.44,0.05,0.2,-1.24
3064,"No Musical Affiliation",1.57,NA,NA,NA
3065,"No Musical Affiliation",2.32,NA,NA,NA
3068,"Metaller",1.14,NA,NA,NA
3069,"Crusty",1.93,NA,NA,NA
3070,"Crusty",2.47,NA,NA,NA
3072,"Crusty",2.29,NA,NA,NA
3073,"No Musical Affiliation",1,NA,NA,NA
3092,"Metaller",1.58,NA,NA,NA
3093,"Metaller",2.44,NA,NA,NA
3094,"Metaller",0.83,NA,NA,NA
3095,"No Musical Affiliation",2.71,0.78,0.33,-2.38
3096,"Indie Kid",1.73,NA,NA,NA
3097,"Indie Kid",1.58,NA,NA,NA
3098,"No Musical Affiliation",1.5,NA,NA,NA
3100,"Crusty",1.05,NA,NA,NA
3106,"No Musical Affiliation",2.05,NA,NA,NA
3107,"Crusty",2.63,NA,NA,NA
3109,"Indie Kid",2.55,2.29,NA,NA
3111,"Metaller",2,NA,NA,NA
3112,"No Musical Affiliation",2,NA,NA,NA
3114,"Indie Kid",1.32,NA,NA,NA
3116,"Crusty",3.14,NA,NA,NA
3118,"Metaller",1.44,NA,NA,NA
3129,"No Musical Affiliation",1.85,0.23,NA,NA
3131,"Crusty",1.41,0.44,NA,NA
3132,"No Musical Affiliation",1.94,NA,NA,NA
3133,"Crusty",2.91,NA,NA,NA
3135,"No Musical Affiliation",1.85,NA,NA,NA
3136,"Metaller",1.7,NA,NA,NA
3137,"Metaller",2.23,NA,NA,NA
3138,"Crusty",1.11,NA,NA,NA
3139,"Crusty",1.47,NA,NA,NA
3146,"Metaller",2.2,NA,NA,NA
3147,"No Musical Affiliation",1.82,NA,NA,NA
3148,"No Musical Affiliation",1.42,NA,NA,NA
3168,"Indie Kid",2.44,NA,NA,NA
3171,"No Musical Affiliation",2.66,NA,NA,NA
3172,"No Musical Affiliation",1.52,NA,NA,NA
3173,"No Musical Affiliation",1.35,0.47,0.73,-0.62
3180,"No Musical Affiliation",1.29,NA,NA,NA
3182,"No Musical Affiliation",2.32,NA,NA,NA
3190,"Crusty",0.78,NA,NA,NA
3192,"Crusty",2.84,NA,NA,NA
3202,"No Musical Affiliation",0.97,NA,NA,NA
3236,"Crusty",1.52,NA,NA,NA
3245,"Crusty",1.7,NA,NA,NA
3246,"No Musical Affiliation",0.94,1.17,1.29,0.35
3247,"No Musical Affiliation",1.41,NA,NA,NA
3248,"No Musical Affiliation",1.79,NA,NA,NA
3249,"No Musical Affiliation",1.08,0.44,0.44,-0.64
3250,"Crusty",1.47,NA,NA,NA
3251,"No Musical Affiliation",1.79,0.47,NA,NA
3253,"Indie Kid",2,NA,NA,NA
3254,"No Musical Affiliation",0.76,NA,NA,NA
3255,"Metaller",2.2,NA,NA,NA
3256,"Metaller",0.94,0.17,NA,NA
3257,"No Musical Affiliation",1.38,NA,NA,NA
3258,"No Musical Affiliation",1.38,0.85,NA,NA
3260,"Metaller",0.32,NA,NA,NA
3261,"No Musical Affiliation",2.58,NA,NA,NA
3262,"Metaller",0.51,NA,NA,NA
3264,"No Musical Affiliation",0.32,NA,NA,NA
3267,"Metaller",0.91,1.11,1.7,0.79
3273,"No Musical Affiliation",1.51,NA,NA,NA
3275,"Metaller",1.47,NA,NA,NA
3276,"Crusty",2.5,NA,NA,NA
3277,"Metaller",2.26,NA,NA,NA
3278,"Indie Kid",2.81,NA,NA,NA
3279,"Crusty",1.87,NA,NA,NA
3281,"No Musical Affiliation",2,NA,NA,NA
3282,"Crusty",2.23,0.41,1.02,-1.21
3284,"Metaller",2,0.76,NA,NA
3290,"Crusty",1.41,NA,NA,NA
3291,"Metaller",1.64,NA,NA,NA
3292,"Metaller",1.64,NA,NA,NA
3296,"Metaller",1.26,NA,NA,NA
3306,"Crusty",1.52,0.55,1.88,0.36
3307,"Crusty",2.44,1.02,0.76,-1.68
3308,"Indie Kid",2.18,NA,NA,NA
3309,"No Musical Affiliation",3.02,NA,NA,NA
3310,"Indie Kid",1.02,NA,NA,NA
3311,"Metaller",2.88,NA,NA,NA
3312,"Metaller",1.54,NA,NA,NA
3313,"Metaller",1.64,NA,NA,NA
3314,"No Musical Affiliation",2.44,2.5,1.7,-0.74
3315,"No Musical Affiliation",1.29,NA,NA,NA
3316,"No Musical Affiliation",1.61,0.32,0.26,-1.35
3321,"Metaller",1.77,NA,NA,NA
3325,"Crusty",0.91,0.17,NA,NA
3326,"No Musical Affiliation",0.85,0.2,0.38,-0.47
3327,"No Musical Affiliation",0.85,0.52,0.44,-0.41
3328,"Metaller",1.5,NA,NA,NA
3329,"Crusty",1.05,0.23,NA,NA
3338,"No Musical Affiliation",3.38,NA,NA,NA
3340,"No Musical Affiliation",1.42,0.52,2,0.58
3341,"Crusty",1.85,NA,NA,NA
3348,"Crusty",1.91,0.84,NA,NA
3349,"No Musical Affiliation",0.82,0.26,NA,NA
3350,"Indie Kid",1.32,0.76,NA,NA
3351,"No Musical Affiliation",2.23,0.85,0.39,-1.84
3352,"No Musical Affiliation",1.47,1.52,0.17,-1.3
3363,"No Musical Affiliation",2.7,NA,NA,NA
3365,"Metaller",1.58,NA,NA,NA
3366,"Crusty",1,NA,NA,NA
3367,"Crusty",1.44,NA,NA,NA
3368,"Indie Kid",2,NA,NA,NA
3369,"No Musical Affiliation",1.6,NA,NA,NA
3370,"Metaller",2.32,2.53,1.67,-0.65
3371,"Indie Kid",3.41,NA,NA,NA
3372,"Metaller",2.02,NA,NA,NA
3373,"No Musical Affiliation",0.64,0.52,NA,NA
3374,"Crusty",3.58,3.35,NA,NA
3375,"No Musical Affiliation",1.5,NA,NA,NA
3376,"No Musical Affiliation",1.08,NA,NA,NA
3377,"Indie Kid",1.52,NA,NA,NA
3378,"No Musical Affiliation",1.26,NA,NA,NA
3379,"Metaller",1.68,NA,NA,NA
3380,"No Musical Affiliation",1.47,1.08,0.58,-0.89
3390,"No Musical Affiliation",1.47,NA,NA,NA
3391,"No Musical Affiliation",1.67,1.55,NA,NA
3392,"Indie Kid",2.47,1.97,NA,NA
3393,"Crusty",1.82,NA,NA,NA
3394,"Metaller",2.17,NA,NA,NA
3395,"Crusty",3.21,NA,NA,NA
3397,"No Musical Affiliation",1.6,1.38,1.02,-0.58
3398,"No Musical Affiliation",0.32,NA,NA,NA
3407,"No Musical Affiliation",0.55,NA,NA,NA
3411,"No Musical Affiliation",1.42,NA,NA,NA
3412,"No Musical Affiliation",1.14,NA,NA,NA
3413,"Crusty",2.64,NA,NA,NA
3416,"No Musical Affiliation",2.58,NA,NA,NA
3418,"Metaller",2.02,NA,NA,NA
3419,"Metaller",2,NA,NA,NA
3420,"No Musical Affiliation",2.9,NA,NA,NA
3423,"Indie Kid",1.82,NA,NA,NA
3429,"No Musical Affiliation",0.5,NA,NA,NA
3431,"Crusty",1.53,NA,NA,NA
3449,"No Musical Affiliation",2.48,NA,NA,NA
3450,"Crusty",2.05,NA,NA,NA
3453,"Crusty",2.52,NA,NA,NA
3454,"Metaller",1.88,NA,NA,NA
3455,"Indie Kid",2.73,NA,NA,NA
3456,"Crusty",2.88,NA,NA,NA
3457,"No Musical Affiliation",1.67,NA,NA,NA
3458,"No Musical Affiliation",1.93,NA,NA,NA
3460,"Indie Kid",1.67,NA,NA,NA
3461,"No Musical Affiliation",1.2,NA,NA,NA
3464,"No Musical Affiliation",2.75,NA,NA,NA
3467,"No Musical Affiliation",1.94,0.97,NA,NA
3468,"No Musical Affiliation",0.59,NA,NA,NA
3469,"Indie Kid",1.5,NA,NA,NA
3477,"No Musical Affiliation",1.58,0.94,0.94,-0.64
3480,"Indie Kid",2.23,0.11,0.17,-2.06
3483,"No Musical Affiliation",2.35,NA,NA,NA
3490,"No Musical Affiliation",2.55,0.82,0.29,-2.26
3493,"No Musical Affiliation",1.55,NA,NA,NA
3494,"Metaller",2.31,NA,NA,NA
3495,"No Musical Affiliation",2.23,NA,NA,NA
3500,"No Musical Affiliation",0.67,0.5,NA,NA
3501,"Indie Kid",2.51,NA,NA,NA
3503,"Indie Kid",1.08,0.58,0.61,-0.47
3510,"No Musical Affiliation",2.44,NA,NA,NA
3511,"No Musical Affiliation",0.23,0.14,NA,NA
3512,"Crusty",2.17,NA,NA,NA
3518,"Indie Kid",1.9,1.17,NA,NA
3519,"No Musical Affiliation",1.67,0.44,NA,NA
3521,"No Musical Affiliation",2,0.58,0.52,-1.48
3522,"No Musical Affiliation",2.44,NA,NA,NA
3523,"No Musical Affiliation",1.44,NA,NA,NA
3524,"No Musical Affiliation",0.82,NA,NA,NA
3525,"Metaller",2.5,NA,NA,NA
3526,"No Musical Affiliation",1.82,NA,NA,NA
3536,"Crusty",1.97,NA,NA,NA
3539,"Crusty",2.52,NA,NA,NA
3540,"Crusty",0.05,NA,NA,NA
3542,"Indie Kid",2.08,NA,NA,NA
3545,"Crusty",2.39,NA,NA,NA
3546,"No Musical Affiliation",1.45,0.82,NA,NA
3551,"Crusty",2.58,NA,NA,NA
3557,"No Musical Affiliation",2.12,NA,NA,NA
3565,"Metaller",2.02,0.76,0.55,-1.47
3567,"No Musical Affiliation",1.78,1.14,0.44,-1.34
3568,"No Musical Affiliation",0.73,0.17,0.76,0.03
3569,"No Musical Affiliation",2.26,0.9,1.85,-0.41
3570,"Metaller",2.79,NA,NA,NA
3571,"No Musical Affiliation",0.43,0.67,0.14,-0.29
3572,"No Musical Affiliation",0.52,0.38,0.7,0.18
3573,"No Musical Affiliation",2.32,NA,NA,NA
3574,"No Musical Affiliation",2.22,NA,NA,NA
3575,"No Musical Affiliation",0.58,NA,NA,NA
3576,"Indie Kid",2,NA,NA,NA
3577,"Metaller",0.7,NA,NA,NA
3586,"No Musical Affiliation",1,NA,NA,NA
3587,"No Musical Affiliation",0.3,NA,NA,NA
3588,"Indie Kid",1.52,NA,NA,NA
3593,"No Musical Affiliation",1.58,0.35,NA,NA
3594,"Crusty",2.34,NA,NA,NA
3595,"No Musical Affiliation",0.79,NA,NA,NA
3596,"No Musical Affiliation",2.26,NA,NA,NA
3597,"Indie Kid",2.35,NA,NA,NA
3598,"Metaller",1.7,NA,NA,NA
3599,"No Musical Affiliation",3.09,NA,NA,NA
3600,"Metaller",1.52,NA,NA,NA
3601,"No Musical Affiliation",0.35,NA,NA,NA
3602,"Crusty",2.7,NA,NA,NA
3603,"Metaller",1.64,NA,NA,NA
3605,"Indie Kid",0.82,NA,NA,NA
3606,"No Musical Affiliation",2.73,NA,NA,NA
3607,"No Musical Affiliation",2.23,NA,NA,NA
3609,"No Musical Affiliation",1.06,NA,NA,NA
3610,"Crusty",2.05,0.2,0.35,-1.7
3613,"Indie Kid",1.73,1.44,NA,NA
3614,"No Musical Affiliation",0.93,0.91,NA,NA
3620,"Crusty",2.5,2.44,NA,NA
3621,"Crusty",1.44,NA,NA,NA
3622,"Crusty",2.88,NA,NA,NA
3625,"Metaller",0.67,0.23,0.44,-0.23
3626,"No Musical Affiliation",1.85,0.35,NA,NA
3627,"No Musical Affiliation",1.21,0.79,NA,NA
3628,"No Musical Affiliation",1.06,0.76,0.7,-0.36
3629,"No Musical Affiliation",0.61,0.26,0.33,-0.28
3631,"Metaller",2,NA,NA,NA
3634,"Metaller",1.17,0.73,1.17,0
3635,"No Musical Affiliation",1.48,0.79,1.55,0.0700000000000001
3645,"No Musical Affiliation",1.55,NA,NA,NA
3646,"Metaller",3.29,NA,NA,NA
3647,"Crusty",1.47,NA,NA,NA
3648,"No Musical Affiliation",0.96,NA,NA,NA
3649,"No Musical Affiliation",1,1.11,1.2,0.2
3652,"Metaller",1.47,NA,NA,NA
3653,"Indie Kid",2.55,2.38,NA,NA
3654,"No Musical Affiliation",0.44,0.06,NA,NA
3655,"No Musical Affiliation",2.35,2.41,NA,NA
3656,"No Musical Affiliation",1.71,0.85,NA,NA
3659,"No Musical Affiliation",1.84,0.58,0.7,-1.14
3660,"Metaller",1.11,0.23,0.55,-0.56
3667,"No Musical Affiliation",1.38,NA,NA,NA
3669,"No Musical Affiliation",0.88,NA,NA,NA
3670,"Crusty",0.94,NA,NA,NA
3672,"Crusty",1.91,NA,NA,NA
3676,"No Musical Affiliation",2.76,NA,NA,NA
3677,"Crusty",1.55,0.32,0.47,-1.08
3678,"No Musical Affiliation",2.67,NA,NA,NA
3680,"Metaller",1.03,0.29,0.72,-0.31
3696,"Crusty",2.5,NA,NA,NA
3697,"No Musical Affiliation",1.64,NA,NA,NA
3698,"Metaller",2.26,NA,NA,NA
3709,"Crusty",2.14,NA,NA,NA
3710,"Crusty",0.52,NA,NA,NA
3711,"No Musical Affiliation",1.08,NA,NA,NA
3712,"No Musical Affiliation",1.69,NA,NA,NA
3713,"Metaller",2.73,NA,NA,NA
3714,"Crusty",1.91,NA,NA,NA
3715,"No Musical Affiliation",1.73,NA,NA,NA
3716,"Indie Kid",3.21,NA,NA,NA
3717,"Crusty",2.11,NA,NA,NA
3718,"No Musical Affiliation",2.05,NA,NA,NA
3719,"No Musical Affiliation",2.17,NA,NA,NA
3720,"No Musical Affiliation",2.17,NA,NA,NA
3721,"Metaller",2.3,NA,NA,NA
3722,"Indie Kid",2.56,NA,NA,NA
3723,"Metaller",2.11,0.41,0.47,-1.64
3724,"Metaller",1.7,NA,NA,NA
3725,"Crusty",1.23,NA,NA,NA
3726,"Crusty",3.2,NA,NA,NA
3727,"Crusty",2.02,NA,NA,NA
3728,"Crusty",2.64,NA,NA,NA
3729,"Crusty",2.52,0.14,NA,NA
3730,"No Musical Affiliation",1.61,NA,NA,NA
3731,"Metaller",1.5,1.2,0.91,-0.59
3734,"Indie Kid",1.15,0.45,0.44,-0.71
3736,"Crusty",1.82,NA,NA,NA
3753,"No Musical Affiliation",1.5,NA,NA,NA
3754,"Metaller",2.32,NA,NA,NA
3759,"No Musical Affiliation",2.92,NA,NA,NA
3764,"No Musical Affiliation",1.41,NA,NA,NA
3769,"Indie Kid",1.35,NA,NA,NA
3778,"Crusty",0.61,0.14,NA,NA
3779,"No Musical Affiliation",0.73,NA,NA,NA
3782,"No Musical Affiliation",2.23,1.88,NA,NA
3783,"No Musical Affiliation",1.32,0.91,NA,NA
3784,"No Musical Affiliation",2.94,1.79,NA,NA
3785,"No Musical Affiliation",1.61,NA,NA,NA
3786,"No Musical Affiliation",1,NA,NA,NA
3787,"Metaller",3.15,3,NA,NA
3788,"Indie Kid",2.88,NA,NA,NA
3791,"Metaller",2.09,1.21,NA,NA
3792,"No Musical Affiliation",1.32,1.7,2.29,0.97
3793,"Crusty",1.47,0.35,NA,NA
3794,"Metaller",1.61,NA,NA,NA
3796,"No Musical Affiliation",2.2,1.5,1.88,-0.32
3797,"Crusty",2.78,NA,NA,NA
3798,"No Musical Affiliation",2.06,NA,NA,NA
3799,"No Musical Affiliation",0.47,NA,NA,NA
3804,"Metaller",2.87,NA,NA,NA
3826,"Metaller",1.14,NA,NA,NA
3828,"No Musical Affiliation",3.32,3.21,NA,NA
3831,"Crusty",2.08,1.38,NA,NA
3836,"Metaller",2.38,2.5,NA,NA
3837,"Indie Kid",2.08,NA,NA,NA
3838,"No Musical Affiliation",1.85,NA,NA,NA
3840,"Metaller",1.38,NA,NA,NA
3844,"Metaller",1.14,NA,NA,NA
3846,"Crusty",1.58,NA,NA,NA
3849,"Metaller",1.23,0.7,1.02,-0.21
3850,"Indie Kid",2.53,NA,NA,NA
3851,"No Musical Affiliation",0.67,NA,NA,NA
3854,"Crusty",0.73,NA,NA,NA
3855,"No Musical Affiliation",1.34,NA,NA,NA
3856,"No Musical Affiliation",2.14,0.7,NA,NA
3857,"No Musical Affiliation",1,NA,NA,NA
3858,"No Musical Affiliation",1.35,NA,NA,NA
3859,"Crusty",1.94,0.79,NA,NA
3860,"Indie Kid",0.5,NA,NA,NA
3869,"Indie Kid",3.08,NA,NA,NA
3870,"No Musical Affiliation",2.88,NA,NA,NA
3871,"No Musical Affiliation",1.91,NA,NA,NA
3872,"No Musical Affiliation",1.41,NA,NA,NA
3873,"Crusty",2.02,NA,NA,NA
3874,"No Musical Affiliation",0.76,NA,NA,NA
3875,"Metaller",1.94,NA,NA,NA
3876,"No Musical Affiliation",0.67,0.28,NA,NA
3879,"Crusty",2.41,NA,NA,NA
3880,"Metaller",2.17,NA,NA,NA
3882,"Metaller",2.67,0.41,NA,NA
3883,"Crusty",1.94,0.64,NA,NA
3888,"Metaller",2.05,0.85,1.7,-0.35
3890,"Metaller",2.17,NA,NA,NA
3909,"No Musical Affiliation",0.47,NA,NA,NA
3912,"No Musical Affiliation",0.62,0.76,NA,NA
3913,"Crusty",2,NA,NA,NA
3914,"No Musical Affiliation",0.45,NA,NA,NA
3916,"Indie Kid",2.29,0.91,1.38,-0.91
3917,"Indie Kid",2.55,NA,NA,NA
3918,"Metaller",0.82,NA,NA,NA
3919,"No Musical Affiliation",3.12,2.2,NA,NA
3920,"Crusty",2.5,2.23,0.41,-2.09
3921,"Indie Kid",1.79,NA,NA,NA
3922,"No Musical Affiliation",2.28,NA,NA,NA
3923,"No Musical Affiliation",0.58,1.05,0.58,0
3924,"Metaller",2.5,1.29,NA,NA
3925,"Indie Kid",1.41,NA,NA,NA
3926,"Metaller",2.14,NA,NA,NA
3927,"No Musical Affiliation",0.76,0.26,NA,NA
3929,"Metaller",1.79,1.11,NA,NA
3930,"No Musical Affiliation",1.02,0.35,NA,NA
3932,"Metaller",2.62,NA,NA,NA
3942,"Crusty",0.88,NA,NA,NA
3944,"No Musical Affiliation",1.58,0.2,0.2,-1.38
3945,"No Musical Affiliation",2.2,NA,NA,NA
3946,"Crusty",1.14,NA,NA,NA
3947,"Metaller",1.47,0.52,0.35,-1.12
3948,"Metaller",1.41,0.23,0.38,-1.03
3949,"No Musical Affiliation",1.44,1.76,1.18,-0.26
3950,"Metaller",1.23,1.17,NA,NA
3951,"No Musical Affiliation",1.82,NA,NA,NA
3952,"No Musical Affiliation",2.44,NA,NA,NA
3954,"Metaller",1.94,1.2,NA,NA
3955,"Metaller",2.41,NA,NA,NA
3964,"Crusty",2.27,NA,NA,NA
3965,"No Musical Affiliation",1.79,0.23,NA,NA
3966,"Metaller",1.88,NA,NA,NA
3972,"Crusty",1.85,0.64,1.32,-0.53
3973,"Indie Kid",2.21,NA,NA,NA
3986,"No Musical Affiliation",1.97,1.94,NA,NA
3987,"Crusty",2.51,NA,NA,NA
3988,"Metaller",2.05,NA,NA,NA
3989,"Metaller",1.29,1,0.82,-0.47
3990,"Indie Kid",2.05,NA,NA,NA
3991,"No Musical Affiliation",2.23,NA,NA,NA
3992,"No Musical Affiliation",1.76,NA,NA,NA
3993,"No Musical Affiliation",1.05,NA,NA,NA
3994,"Crusty",1.79,NA,NA,NA
3995,"Metaller",1.02,0.73,0.47,-0.55
3996,"Crusty",2.76,1.58,NA,NA
3997,"Crusty",1.67,0.55,NA,NA
4010,"Crusty",2.85,NA,NA,NA
4011,"Metaller",0.23,0.84,NA,NA
4012,"No Musical Affiliation",1.9,NA,NA,NA
4013,"No Musical Affiliation",1.23,0.52,NA,NA
4014,"Indie Kid",1.97,NA,NA,NA
4015,"Metaller",1.5,NA,NA,NA
4016,"No Musical Affiliation",3.69,NA,NA,NA
4017,"No Musical Affiliation",0.5,NA,NA,NA
4022,"Indie Kid",2.18,NA,NA,NA
4023,"No Musical Affiliation",2.17,NA,NA,NA
4024,"No Musical Affiliation",1.58,NA,NA,NA
4025,"Crusty",2.88,NA,NA,NA
4030,"Metaller",2.52,NA,NA,NA
4032,"Metaller",2.2,NA,NA,NA
4033,"Metaller",1.73,NA,NA,NA
4034,"No Musical Affiliation",2.23,NA,NA,NA
4079,"Indie Kid",1.97,NA,NA,NA
4089,"No Musical Affiliation",1.2,0.67,0.91,-0.29
4090,"Indie Kid",2,NA,NA,NA
4092,"Metaller",1.91,NA,NA,NA
4093,"Indie Kid",0.81,NA,NA,NA
4095,"No Musical Affiliation",1.31,NA,NA,NA
4096,"No Musical Affiliation",0.38,NA,NA,NA
4101,"Indie Kid",1.97,NA,NA,NA
4104,"Crusty",0.38,NA,NA,NA
4105,"Crusty",2.11,0.76,0.85,-1.26
4106,"Metaller",3.2,NA,NA,NA
4107,"No Musical Affiliation",0.02,NA,NA,NA
4109,"No Musical Affiliation",2.56,NA,NA,NA
4110,"Indie Kid",2.02,NA,NA,NA
4111,"Crusty",2.3,NA,NA,NA
4114,"Crusty",2.02,NA,NA,NA
4147,"Metaller",2.05,NA,NA,NA
4148,"Crusty",1.7,NA,NA,NA
4149,"Crusty",1.61,NA,NA,NA
4150,"Crusty",0.73,NA,NA,NA
4151,"Metaller",2.5,1.64,NA,NA
4152,"Metaller",2.18,1.75,1.91,-0.27
4153,"Indie Kid",2.46,1.08,1.91,-0.55
4154,"Metaller",1.5,0.91,NA,NA
4155,"No Musical Affiliation",1.73,0.94,NA,NA
4156,"Indie Kid",1.44,NA,NA,NA
4157,"Indie Kid",1.64,0.32,0.52,-1.12
4158,"No Musical Affiliation",2.02,2.44,NA,NA
4159,"No Musical Affiliation",1.2,0.17,0.2,-1
4160,"No Musical Affiliation",0.38,0.02,NA,NA
4161,"Crusty",1.58,1.54,1.76,0.18
4162,"Crusty",1.67,0.5,NA,NA
4163,"Crusty",1,0.48,NA,NA
4164,"No Musical Affiliation",2.58,1.35,NA,NA
4165,"Metaller",2.82,2.61,3.02,0.2
4166,"Metaller",2.29,2.05,NA,NA
4167,"Crusty",1.14,NA,NA,NA
4168,"Crusty",1.64,0.76,NA,NA
4171,"Crusty",1.82,0.08,NA,NA
4172,"Crusty",3.32,2.91,3.02,-0.3
4193,"No Musical Affiliation",3.32,NA,NA,NA
4194,"Crusty",1.85,1,1.5,-0.35
4195,"Indie Kid",2.29,NA,NA,NA
4196,"Crusty",1.47,0.47,1.58,0.11
4197,"Metaller",2.08,0.7,0.67,-1.41
4198,"Crusty",2.2,NA,NA,NA
4199,"Metaller",1.06,1.45,NA,NA
4216,"Metaller",0.97,0.14,0.02,-0.95
4218,"Crusty",2,NA,NA,NA
4219,"Metaller",1.67,0.38,NA,NA
4220,"Crusty",2.94,NA,NA,NA
4221,"No Musical Affiliation",1.55,NA,NA,NA
4222,"Metaller",0.88,0.26,NA,NA
4223,"Metaller",1.35,2.32,NA,NA
4224,"Crusty",0.61,0.2,0.17,-0.44
4225,"Crusty",1,NA,NA,NA
4226,"No Musical Affiliation",1.52,2.72,0.52,-1
4234,"No Musical Affiliation",1,NA,NA,NA
4235,"No Musical Affiliation",1.76,0.41,0.88,-0.88
4236,"No Musical Affiliation",2.52,NA,NA,NA
4237,"Crusty",2,0.88,1.44,-0.56
4238,"No Musical Affiliation",2.63,NA,NA,NA
4239,"Crusty",0.73,0.85,NA,NA
4240,"Metaller",1.58,0.23,1.66,0.0799999999999999
4241,"No Musical Affiliation",0.58,NA,NA,NA
4245,"No Musical Affiliation",1.67,NA,NA,NA
4247,"No Musical Affiliation",1.47,NA,NA,NA
4249,"No Musical Affiliation",1.81,NA,NA,NA
4256,"Crusty",1.91,NA,NA,NA
4257,"No Musical Affiliation",1.06,NA,NA,NA
4259,"No Musical Affiliation",1.47,1.23,0.94,-0.53
4262,"Crusty",2.52,NA,NA,NA
4263,"Metaller",1.85,0.2,NA,NA
4264,"Crusty",3.44,NA,NA,NA
4265,"Metaller",1.55,1.32,1.19,-0.36
4266,"Metaller",2.29,2.7,NA,NA
4267,"Metaller",1.76,NA,NA,NA
4268,"No Musical Affiliation",1.9,NA,NA,NA
4269,"No Musical Affiliation",2.52,2.55,NA,NA
4271,"Crusty",2.52,NA,NA,NA
4274,"Crusty",2.82,0.17,NA,NA
4281,"Crusty",2.02,NA,NA,NA
4284,"Metaller",1.29,NA,NA,NA
4285,"No Musical Affiliation",1.26,NA,NA,NA
4287,"Metaller",0.94,NA,NA,NA
4291,"Indie Kid",2,1.13,0.53,-1.47
4292,"No Musical Affiliation",0.73,NA,NA,NA
4294,"Crusty",2.26,0.79,NA,NA
4295,"Crusty",2.23,NA,NA,NA
4297,"Crusty",2.35,NA,NA,NA
4298,"No Musical Affiliation",0.55,0.38,NA,NA
4301,"No Musical Affiliation",1.85,NA,NA,NA
4302,"Crusty",0.67,NA,NA,NA
4305,"Crusty",1.85,1,NA,NA
4306,"Crusty",1.23,0.2,NA,NA
4308,"No Musical Affiliation",2.35,NA,NA,NA
4309,"Crusty",1.35,NA,NA,NA
4310,"No Musical Affiliation",1.94,NA,NA,NA
4311,"No Musical Affiliation",1.55,NA,NA,NA
4312,"Crusty",1.29,NA,NA,NA
4313,"Indie Kid",2.17,NA,NA,NA
4314,"Metaller",1.91,NA,NA,NA
4333,"Indie Kid",2.88,NA,NA,NA
4334,"No Musical Affiliation",2.36,NA,NA,NA
4335,"Indie Kid",2.36,NA,NA,NA
4336,"No Musical Affiliation",2.2,NA,NA,NA
4349,"Crusty",2.17,0.47,0.38,-1.79
4351,"Crusty",0.52,NA,NA,NA
4352,"Crusty",0.32,NA,NA,NA
4353,"Metaller",1.52,0.55,NA,NA
4354,"Crusty",2,0.94,0.08,-1.92
4355,"Metaller",1.32,1.02,1.2,-0.12
4356,"Indie Kid",2.05,NA,NA,NA
4357,"Crusty",1.73,NA,NA,NA
4358,"No Musical Affiliation",1.94,NA,NA,NA
4359,"Metaller",1.81,NA,NA,NA
4360,"Indie Kid",0.9,0.64,NA,NA
4361,"No Musical Affiliation",1.58,0.67,NA,NA
4363,"Metaller",2.29,1.87,0.91,-1.38
4366,"No Musical Affiliation",2.57,NA,NA,NA
4370,"No Musical Affiliation",1.58,NA,NA,NA
4382,"Crusty",2.33,0.82,NA,NA
4383,"Crusty",3.15,NA,NA,NA
4384,"Indie Kid",2.29,NA,NA,NA
4385,"Crusty",0.82,NA,NA,NA
4386,"Crusty",1.93,NA,NA,NA
4387,"No Musical Affiliation",1.82,NA,NA,NA
4388,"No Musical Affiliation",1.96,NA,NA,NA
4389,"No Musical Affiliation",1.32,0.64,0.47,-0.85
4391,"No Musical Affiliation",1.02,NA,NA,NA
4392,"No Musical Affiliation",1.14,NA,NA,NA
4393,"Metaller",2.32,NA,NA,NA
4394,"Metaller",2.16,NA,NA,NA
4396,"No Musical Affiliation",2.42,1.7,NA,NA
4397,"No Musical Affiliation",1.14,NA,NA,NA
4398,"Indie Kid",1.55,0.79,1.76,0.21
4404,"Indie Kid",1.17,NA,NA,NA
4405,"No Musical Affiliation",1,0.58,0.32,-0.68
4410,"Crusty",1.05,0.11,NA,NA
4419,"No Musical Affiliation",1.38,NA,NA,NA
4428,"No Musical Affiliation",1.93,2.42,NA,NA
4430,"Metaller",2.73,NA,NA,NA
4435,"No Musical Affiliation",2.02,NA,NA,NA
4436,"Indie Kid",2.81,NA,NA,NA
4437,"No Musical Affiliation",2.47,NA,NA,NA
4439,"Metaller",1.35,NA,NA,NA
4440,"Crusty",2.08,NA,NA,NA
4441,"Crusty",2.5,NA,NA,NA
4442,"Indie Kid",2.45,NA,NA,NA
4443,"Metaller",2.17,NA,NA,NA
4444,"No Musical Affiliation",1.7,0,NA,NA
4445,"No Musical Affiliation",0.7,0.23,0.45,-0.25
4446,"Indie Kid",1.51,NA,NA,NA
4447,"Metaller",1.23,NA,NA,NA
4448,"Metaller",2.14,0.85,NA,NA
4452,"No Musical Affiliation",1.14,1.14,NA,NA
4453,"Metaller",0.96,NA,NA,NA
4454,"No Musical Affiliation",1.52,1.14,1.26,-0.26
4455,"No Musical Affiliation",0.52,NA,NA,NA
4456,"Metaller",1.56,NA,NA,NA
4459,"No Musical Affiliation",3.29,0.26,NA,NA
4464,"No Musical Affiliation",0.45,NA,NA,NA
4467,"Metaller",2.63,NA,NA,NA
4468,"Crusty",1.7,NA,NA,NA
4470,"Metaller",3.11,NA,NA,NA
4479,"Crusty",1.82,NA,NA,NA
4481,"Indie Kid",1.58,0.14,NA,NA
4482,"No Musical Affiliation",2.73,NA,NA,NA
4485,"No Musical Affiliation",1.5,1.14,NA,NA
4486,"No Musical Affiliation",1.78,1.02,NA,NA
4488,"No Musical Affiliation",2.02,NA,NA,NA
4507,"No Musical Affiliation",0.67,0.94,0.91,0.24
4509,"Crusty",1.41,0.55,NA,NA
4510,"Metaller",0.9,NA,NA,NA
4511,"Metaller",1.23,1.11,0.76,-0.47
4512,"No Musical Affiliation",2.7,NA,NA,NA
4514,"Indie Kid",1.97,NA,NA,NA
4515,"Crusty",0.84,NA,NA,NA
4516,"No Musical Affiliation",1.79,NA,NA,NA
4517,"No Musical Affiliation",2.84,NA,NA,NA
4518,"Crusty",2.02,NA,NA,NA
4519,"Metaller",1.64,0.7,NA,NA
4525,"No Musical Affiliation",1.08,NA,NA,NA
4533,"Indie Kid",2.97,NA,NA,NA
4552,"Crusty",0.94,NA,NA,NA
4553,"Indie Kid",2.97,1.94,NA,NA
4554,"Crusty",0.97,NA,NA,NA
4555,"No Musical Affiliation",1.47,NA,NA,NA
4559,"Metaller",2.61,NA,NA,NA
4563,"Crusty",1.73,0.2,0.91,-0.82
4564,"Metaller",3.38,3.44,3.41,0.0300000000000003
4569,"No Musical Affiliation",3.17,1,1.73,-1.44
4570,"No Musical Affiliation",2.2,0.91,NA,NA
4571,"Metaller",2.14,NA,NA,NA
4582,"Indie Kid",1.29,1.58,0.81,-0.48
4590,"Metaller",3.21,2.85,NA,NA
4597,"No Musical Affiliation",2.67,NA,NA,NA
4598,"Crusty",1.85,0.79,NA,NA
4601,"No Musical Affiliation",1.35,NA,NA,NA
4607,"No Musical Affiliation",2.14,0.76,NA,NA
4611,"No Musical Affiliation",1.24,0.56,NA,NA
4654,"No Musical Affiliation",2.02,1.78,2.55,0.53
4655,"No Musical Affiliation",2.32,NA,NA,NA
4663,"No Musical Affiliation",1.08,0.23,NA,NA
4666,"No Musical Affiliation",1.14,1.35,1.02,-0.12
4690,"Crusty",2.14,1.82,NA,NA
4692,"Metaller",2.88,NA,NA,NA
4693,"Indie Kid",1.35,0.17,0.44,-0.91
4694,"Crusty",1,1.7,NA,NA
4695,"Metaller",2.02,NA,NA,NA
4696,"No Musical Affiliation",0.64,1.32,NA,NA
4697,"Indie Kid",0.29,0.14,NA,NA
4698,"Indie Kid",1.73,0.94,NA,NA
4699,"No Musical Affiliation",1.82,1.52,NA,NA
4704,"Indie Kid",2.11,NA,NA,NA
4710,"No Musical Affiliation",1.23,NA,NA,NA
4711,"No Musical Affiliation",0.64,NA,NA,NA
4724,"Metaller",2.23,1.41,2.11,-0.12
4725,"No Musical Affiliation",2.44,0.32,NA,NA
4740,"No Musical Affiliation",1.17,0.58,NA,NA
4744,"Crusty",0.61,0.44,NA,NA
4749,"Metaller",0.52,NA,NA,NA
4756,"No Musical Affiliation",2.91,0.94,NA,NA
4758,"Indie Kid",2.61,1.44,NA,NA
4759,"No Musical Affiliation",1.47,NA,NA,NA
4760,"No Musical Affiliation",1.28,NA,NA,NA
4765,"Crusty",1.26,NA,NA,NA
